{
    "avg_up": 2.7583333333333333,
    "avg_down": 2.3333333333333335,
    "avg_length": 0.033001792114695346,
    "score": 35.112819389205036
}