{
    "avg_count": 5.32258064516129,
    "top_5": [
        6,
        21,
        15,
        18,
        17
    ],
    "score": 96.7741935483871
}