{
    "avg_count": 3.5483870967741935,
    "top_5": [
        12,
        9,
        19,
        21,
        16
    ],
    "score": 45.16129032258064
}