{
    "avg_brkfst": 8.845833333333333,
    "avg_lnch": 12.625,
    "avg_dnr": 18.922222222222224,
    "score": 11.594913861850804
}