{
    "avg_up": 6.631609195402299,
    "avg_down": 1.6350574712643668,
    "avg_length": 8.988655913978494,
    "score": 64.81631341949102
}