{
    "avg_brkfst": 10.816666666666666,
    "avg_lnch": 13.083333333333334,
    "avg_dnr": 18.85,
    "score": 2.8295877653904737
}