{
    "avg_brkfst": 9.518666666666668,
    "avg_lnch": 14.387777777777778,
    "avg_dnr": 19.64345238095238,
    "score": 68.32413850798294
}