{
    "avg_brkfst": 9.05,
    "avg_lnch": 13.383333333333333,
    "avg_dnr": 17.804166666666667,
    "score": 7.901630661693512
}