{
    "avg_up": 3.6819444444444436,
    "avg_down": 1.925,
    "avg_length": 1.314032258064516,
    "score": 32.87702931611389
}