{
    "avg_brkfst": 9.85079365079365,
    "avg_lnch": 12.906944444444443,
    "avg_dnr": 18.046969696969697,
    "score": 42.65337301315265
}