{
    "soone_healing": 3.1914893617021276,
    "soone_media": 22.22222222222222,
    "soone_workout": 4.3478260869565215
}