{
    "avg_count": 0.1935483870967742,
    "top_5": [
        1,
        23,
        10,
        5,
        12
    ],
    "score": 16.129032258064516
}