{
    "avg_count": 1.2903225806451613,
    "top_5": [
        6,
        2,
        20,
        7,
        0
    ],
    "score": 51.61290322580645
}