{
    "soone_healing": 15.957446808510639,
    "soone_media": 11.11111111111111,
    "soone_workout": 8.695652173913043
}