{
    "avg_up": 3.588888888888889,
    "avg_down": 2.6611111111111114,
    "avg_length": 1.6161559139784947,
    "score": 15.845293256905123
}