{
    "avg_up": 7.110416666666667,
    "avg_down": 2.1,
    "avg_length": 2.269838709677419,
    "score": 17.22494807912114
}