{
    "avg_count": 0.16129032258064516,
    "top_5": [
        23,
        16,
        17,
        1,
        19
    ],
    "score": 9.67741935483871
}