{
    "avg_count": 2.193548387096774,
    "top_5": [
        12,
        20,
        6,
        19,
        23
    ],
    "score": 48.38709677419355
}