{
    "avg_up": 3.630864197530865,
    "avg_down": 1.8567901234567903,
    "avg_length": 5.329991039426524,
    "score": 63.78583543946355
}