{
    "avg_up": 3.5441176470588225,
    "avg_down": 2.179411764705882,
    "avg_length": 1.508888888888889,
    "score": 37.679160499590786
}