{
    "avg_count": 4.870967741935484,
    "top_5": [
        8,
        13,
        4,
        19,
        9
    ],
    "score": 93.54838709677419
}