{
    "soone_healing": 32.97872340425532,
    "soone_media": 0.0,
    "soone_workout": 2.1739130434782608
}