{
    "avg_count": 0.3225806451612903,
    "top_5": [
        17,
        20,
        0,
        4,
        6
    ],
    "score": 22.58064516129032
}