{
    "avg_count": 0.3548387096774194,
    "top_3": [
        17,
        18,
        5
    ],
    "score": 9.67741935483871
}