{
    "avg_up": 4.636111111111112,
    "avg_down": 1.9055555555555566,
    "avg_length": 2.786720430107527,
    "score": 32.48454383115976
}