{
    "avg_up": 5.452777777777778,
    "avg_down": 1.3333333333333333,
    "avg_length": 1.3135483870967744,
    "score": 26.117023708533758
}