{
    "avg_count": 0.5806451612903226,
    "top_5": [
        21,
        11,
        6,
        5,
        7
    ],
    "score": 51.61290322580645
}