{
    "avg_up": 5.36111111111111,
    "avg_down": 1.7361111111111114,
    "avg_length": 2.240448028673835,
    "score": 28.0534066007337
}