{
    "avg_count": 0.0967741935483871,
    "top_5": [
        2,
        1,
        17,
        10,
        11
    ],
    "score": 6.451612903225806
}