{
    "avg_up": 5.1326923076923086,
    "avg_down": 1.4826923076923082,
    "avg_length": 5.853655913978494,
    "score": 64.348830264995
}