{
    "avg_count": 0.2903225806451613,
    "top_5": [
        5,
        15,
        19,
        12,
        17
    ],
    "score": 25.806451612903224
}