{
    "avg_brkfst": 8.715384615384616,
    "avg_lnch": 13.070238095238096,
    "avg_dnr": 18.91018518518518,
    "score": 42.72640021261736
}