{
    "avg_count": 0.12903225806451613,
    "top_3": [
        13,
        16,
        14
    ],
    "score": 12.903225806451612
}