{
    "avg_count": 1.032258064516129,
    "top_3": [
        9,
        10,
        18
    ],
    "score": 12.903225806451612
}