{
    "avg_count": 0.8709677419354839,
    "top_3": [
        21,
        8,
        9
    ],
    "score": 74.19354838709677
}