{
    "avg_count": 0.6451612903225806,
    "top_3": [
        8,
        7,
        19
    ],
    "score": 19.35483870967742
}