{
    "avg_brkfst": 10.41777777777778,
    "avg_lnch": 14.075000000000001,
    "avg_dnr": 19.422549019607843,
    "score": 43.290890096179496
}