{
    "avg_up": 5.626851851851851,
    "avg_down": 2.2712962962962964,
    "avg_length": 3.5039247311827952,
    "score": 41.05464003774173
}