{
    "avg_up": 5.159722222222222,
    "avg_down": 2.819444444444444,
    "avg_length": 1.7862992831541218,
    "score": 33.63746633363886
}