{
    "avg_up": 4.320967741935484,
    "avg_down": 2.191397849462365,
    "avg_length": 6.0983243727598575,
    "score": 85.66070889848783
}