{
    "avg_up": 5.9,
    "avg_down": 1.1541666666666677,
    "avg_length": 0.9101612903225805,
    "score": 23.828754473340027
}