{
    "soone_healing": 10.638297872340425,
    "soone_media": 33.333333333333336,
    "soone_workout": 4.3478260869565215
}