{
    "soone_healing": 41.48936170212766,
    "soone_media": 22.22222222222222,
    "soone_workout": 0.0
}