{
    "avg_brkfst": 8.702666666666666,
    "avg_lnch": 13.727777777777778,
    "avg_dnr": 18.834374999999998,
    "score": 48.929618554890624
}