{
    "avg_count": 0.5483870967741935,
    "top_3": [
        20,
        8,
        18
    ],
    "score": 38.70967741935484
}