{
    "avg_up": 4.972222222222221,
    "avg_down": 2.9388888888888887,
    "avg_length": 0.8207168458781361,
    "score": 24.093037915244324
}