{
    "avg_count": 0.1935483870967742,
    "top_5": [
        23,
        6,
        18,
        15,
        3
    ],
    "score": 6.451612903225806
}