{
    "avg_count": 4.225806451612903,
    "top_3": [
        15,
        18,
        12
    ],
    "score": 93.54838709677419
}