{
    "avg_up": 4.006944444444444,
    "avg_down": 1.680555555555556,
    "avg_length": 1.36497311827957,
    "score": 34.58539092669844
}