{
    "avg_up": 5.15,
    "avg_down": 3.6055555555555547,
    "avg_length": 0.5649910394265234,
    "score": 29.622695134191673
}