{
    "avg_count": 3.225806451612903,
    "top_3": [
        9,
        15,
        10
    ],
    "score": 51.61290322580645
}