{
    "avg_up": 6.508333333333333,
    "avg_down": 1.8611111111111116,
    "avg_length": 3.5875,
    "score": 27.551123329276727
}