{
    "avg_count": 0.0967741935483871,
    "top_3": [
        23,
        21,
        9
    ],
    "score": 9.67741935483871
}