{
    "avg_count": 0.16129032258064516,
    "top_3": [
        5,
        16,
        17
    ],
    "score": 12.903225806451612
}