{
    "avg_count": 5.870967741935484,
    "top_3": [
        10,
        8,
        9
    ],
    "score": 83.87096774193549
}