{
    "avg_count": 2.2580645161290325,
    "top_5": [
        9,
        7,
        17,
        3,
        2
    ],
    "score": 64.51612903225806
}