{
    "avg_up": 7.630769230769232,
    "avg_down": 1.2282051282051285,
    "avg_length": 4.089820788530466,
    "score": 35.75360273002086
}