{
    "avg_count": 0.41935483870967744,
    "top_3": [
        14,
        8,
        20
    ],
    "score": 19.35483870967742
}