{
    "avg_brkfst": 9.283333333333333,
    "avg_lnch": 14.21111111111111,
    "avg_dnr": 19.508333333333333,
    "score": 5.375242386458842
}