{
    "avg_count": 1.4193548387096775,
    "top_3": [
        20,
        7,
        11
    ],
    "score": 16.129032258064516
}