{
    "avg_brkfst": 10.76,
    "avg_lnch": 14.733333333333334,
    "avg_dnr": 17.729166666666668,
    "score": 8.3424701407713
}