{
    "avg_count": 0.3548387096774194,
    "top_3": [
        9,
        10,
        8
    ],
    "score": 35.483870967741936
}