{
    "avg_count": 0.25806451612903225,
    "top_3": [
        17,
        11,
        6
    ],
    "score": 16.129032258064516
}