{
    "avg_count": 0.6774193548387096,
    "top_3": [
        20,
        10,
        7
    ],
    "score": 45.16129032258064
}