{
    "avg_count": 0.8709677419354839,
    "top_3": [
        20,
        21,
        11
    ],
    "score": 45.16129032258064
}