{
    "avg_count": 0.1935483870967742,
    "top_5": [
        2,
        1,
        22,
        23,
        9
    ],
    "score": 19.35483870967742
}