{
    "avg_brkfst": 7.475,
    "avg_lnch": 12.35,
    "avg_dnr": 16.93333333333333,
    "score": 4.684267783934575
}