{
    "avg_count": 1.5806451612903225,
    "top_3": [
        10,
        9,
        8
    ],
    "score": 87.09677419354838
}