{
    "avg_count": 4.709677419354839,
    "top_5": [
        7,
        5,
        17,
        10,
        3
    ],
    "score": 64.51612903225806
}