{
    "soone_healing": 4.25531914893617,
    "soone_media": 11.11111111111111,
    "soone_workout": 15.217391304347826
}