{
    "avg_count": 0.5483870967741935,
    "top_3": [
        13,
        23,
        9
    ],
    "score": 29.03225806451613
}