{
    "avg_up": 6.3769841269841265,
    "avg_down": 1.3039682539682544,
    "avg_length": 5.6896953405017925,
    "score": 65.71157452778891
}