{
    "avg_count": 0.2903225806451613,
    "top_5": [
        17,
        2,
        20,
        9,
        0
    ],
    "score": 16.129032258064516
}