{
    "avg_up": 8.608333333333334,
    "avg_down": 0.5666666666666668,
    "avg_length": 2.5700627240143366,
    "score": 21.325238458371594
}