{
    "avg_count": 0.41935483870967744,
    "top_3": [
        17,
        12,
        21
    ],
    "score": 9.67741935483871
}