{
    "avg_brkfst": 11.233333333333334,
    "avg_lnch": 11.458333333333332,
    "avg_dnr": null,
    "score": 3.886672905661411
}