{
    "soone_healing": 13.829787234042554,
    "soone_media": 0.0,
    "soone_workout": 4.3478260869565215
}