{
    "avg_brkfst": 8.9375,
    "avg_lnch": 13.858333333333333,
    "avg_dnr": 18.116666666666667,
    "score": 5.816923429969292
}