{
    "soone_healing": 18.085106382978722,
    "soone_media": 22.22222222222222,
    "soone_workout": 19.565217391304348
}