{
    "avg_brkfst": 9.707142857142856,
    "avg_lnch": 13.958333333333332,
    "avg_dnr": 19.445238095238096,
    "score": 12.169720417023466
}