{
    "avg_up": 4.784567901234567,
    "avg_down": 2.0543209876543207,
    "avg_length": 5.387284946236559,
    "score": 61.324040899493475
}