{
    "avg_count": 0.22580645161290322,
    "top_3": [
        9,
        12,
        14
    ],
    "score": 12.903225806451612
}