{
    "avg_count": 0.25806451612903225,
    "top_5": [
        12,
        7,
        14,
        9,
        17
    ],
    "score": 19.35483870967742
}