{
    "avg_brkfst": 9.959999999999999,
    "avg_lnch": 13.966666666666665,
    "avg_dnr": 17.916666666666664,
    "score": 13.524928509469037
}