{
    "avg_count": 0.8387096774193549,
    "top_5": [
        6,
        17,
        1,
        23,
        12
    ],
    "score": 22.58064516129032
}