{
    "avg_count": 3.2903225806451615,
    "top_3": [
        10,
        11,
        17
    ],
    "score": 48.38709677419355
}