{
    "avg_count": 2.967741935483871,
    "top_5": [
        20,
        22,
        6,
        3,
        9
    ],
    "score": 45.16129032258064
}