{
    "avg_brkfst": 8.966666666666667,
    "avg_lnch": 12.383333333333333,
    "avg_dnr": 19.0125,
    "score": 8.356709436392306
}