{
    "avg_up": 4.623333333333333,
    "avg_down": 0.5833333333333334,
    "avg_length": 2.060994623655914,
    "score": 0
}