{
    "soone_healing": 5.319148936170213,
    "soone_media": 88.88888888888889,
    "soone_workout": 0.0
}