{
    "soone_healing": 5.319148936170213,
    "soone_media": 0.0,
    "soone_workout": 2.1739130434782608
}