{
    "avg_count": 0.41935483870967744,
    "top_5": [
        18,
        11,
        17,
        19,
        20
    ],
    "score": 29.03225806451613
}