{
    "avg_brkfst": 9.360604204586325,
    "avg_lnch": 13.478331245906183,
    "avg_dnr": 18.768454319137017,
    "score": 25.702089621679562
}