{
    "avg_up": 4.235897435897436,
    "avg_down": 0.46858974358974403,
    "avg_length": 4.307974910394266,
    "score": 68.12632990162504
}