{
    "avg_brkfst": 10.41851851851852,
    "avg_lnch": 14.433333333333335,
    "avg_dnr": 19.84333333333333,
    "score": 65.308161721529
}