{
    "avg_count": 0.12903225806451613,
    "top_5": [
        19,
        0,
        5,
        9,
        11
    ],
    "score": 9.67741935483871
}