{
    "avg_count": 0.8064516129032258,
    "top_3": [
        20,
        5,
        6
    ],
    "score": 9.67741935483871
}