{
    "avg_count": 0.2903225806451613,
    "top_3": [
        6,
        8,
        7
    ],
    "score": 22.58064516129032
}