{
    "avg_count": 0.16129032258064516,
    "top_3": [
        17,
        18,
        16
    ],
    "score": 16.129032258064516
}