{
    "avg_count": 2.2903225806451615,
    "top_3": [
        9,
        12,
        11
    ],
    "score": 6.451612903225806
}