{
    "avg_up": 4.257575757575757,
    "avg_down": 2.174242424242424,
    "avg_length": 2.302433586337761,
    "score": 38.448547812826185
}