{
    "avg_count": 0.6774193548387096,
    "top_3": [
        9,
        7,
        8
    ],
    "score": 48.38709677419355
}