{
    "avg_count": 0.12903225806451613,
    "top_5": [
        1,
        10,
        22,
        11,
        19
    ],
    "score": 9.67741935483871
}