{
    "avg_count": 1.064516129032258,
    "top_3": [
        15,
        5,
        7
    ],
    "score": 12.903225806451612
}