{
    "avg_up": 3.525,
    "avg_down": 1.5833333333333333,
    "avg_length": 0.7269982078853046,
    "score": 28.622877819269483
}