{
    "avg_count": 0.8387096774193549,
    "top_3": [
        5,
        6,
        7
    ],
    "score": 77.41935483870968
}