{
    "avg_up": 2.4833333333333325,
    "avg_down": 2.427777777777778,
    "avg_length": 0.17907706093189962,
    "score": 30.72460570812204
}