{
    "avg_brkfst": 10.123717948717948,
    "avg_lnch": 14.056321839080459,
    "avg_dnr": 18.60069444444444,
    "score": 79.90009210711557
}