{
    "avg_count": 1.5161290322580645,
    "top_3": [
        16,
        11,
        7
    ],
    "score": 38.70967741935484
}