{
    "avg_brkfst": 9.729629629629631,
    "avg_lnch": 12.99375,
    "avg_dnr": 19.439999999999998,
    "score": 20.004118534423238
}