{
    "avg_count": 0.3225806451612903,
    "top_5": [
        12,
        17,
        21,
        20,
        6
    ],
    "score": 16.129032258064516
}