{
    "avg_count": 0.25806451612903225,
    "top_3": [
        15,
        18,
        11
    ],
    "score": 9.67741935483871
}