{
    "avg_count": 0.2903225806451613,
    "top_5": [
        10,
        9,
        8,
        16,
        11
    ],
    "score": 12.903225806451612
}