{
    "avg_up": 14.25,
    "avg_down": 0.13333333333333333,
    "avg_length": 0.45538530465949817,
    "score": 16.747350124931327
}