{
    "avg_brkfst": 8.338596491228069,
    "avg_lnch": 11.733333333333333,
    "avg_dnr": 20.683333333333334,
    "score": 20.970403158055426
}