{
    "avg_count": 0.6774193548387096,
    "top_5": [
        14,
        19,
        5,
        13,
        10
    ],
    "score": 38.70967741935484
}