{
    "avg_brkfst": 7.716666666666667,
    "avg_lnch": 12.483333333333333,
    "avg_dnr": null,
    "score": 1.7913270303550521
}