{
    "avg_count": 7.935483870967742,
    "top_3": [
        17,
        11,
        9
    ],
    "score": 83.87096774193549
}