{
    "avg_count": 1.5161290322580645,
    "top_3": [
        9,
        16,
        13
    ],
    "score": 51.61290322580645
}