{
    "avg_count": 1.2580645161290323,
    "top_5": [
        5,
        10,
        8,
        7,
        6
    ],
    "score": 67.74193548387096
}