{
    "avg_brkfst": 10.340277777777777,
    "avg_lnch": 14.45625,
    "avg_dnr": 18.59861111111111,
    "score": 29.125427421829293
}