{
    "avg_count": 5.419354838709677,
    "top_3": [
        11,
        12,
        9
    ],
    "score": 96.7741935483871
}