{
    "avg_brkfst": 9.02638888888889,
    "avg_lnch": 14.035714285714283,
    "avg_dnr": 19.43444444444445,
    "score": 31.514469490717698
}