{
    "avg_count": 0.03225806451612903,
    "top_5": [
        2,
        1,
        10,
        23,
        13
    ],
    "score": 3.225806451612903
}