{
    "avg_count": 0.12903225806451613,
    "top_5": [
        9,
        22,
        19,
        21,
        11
    ],
    "score": 6.451612903225806
}