{
    "avg_brkfst": 10.123333333333331,
    "avg_lnch": 12.960416666666667,
    "avg_dnr": 18.094444444444445,
    "score": 14.894105816401575
}