{
    "avg_up": 5.076785714285713,
    "avg_down": 1.826190476190477,
    "avg_length": 6.7400985663082436,
    "score": 94.86138407377291
}