{
    "avg_count": 0.6451612903225806,
    "top_3": [
        8,
        12,
        9
    ],
    "score": 41.935483870967744
}