{
    "avg_brkfst": 10.341269841269842,
    "avg_lnch": 13.652000000000001,
    "avg_dnr": 18.029710144927538,
    "score": 69.13099728255376
}