{
    "avg_brkfst": 9.440972222222223,
    "avg_lnch": 12.401587301587302,
    "avg_dnr": 19.16904761904762,
    "score": 66.8113811931812
}