{
    "avg_up": 5.01304347826087,
    "avg_down": 1.202898550724638,
    "avg_length": 5.655618279569892,
    "score": 64.60352227839599
}