{
    "avg_count": 1.3225806451612903,
    "top_5": [
        18,
        14,
        23,
        5,
        6
    ],
    "score": 54.83870967741935
}