{
    "avg_count": 4.870967741935484,
    "top_5": [
        12,
        14,
        10,
        8,
        17
    ],
    "score": 74.19354838709677
}