{
    "avg_up": 5.273809523809524,
    "avg_down": 1.7690476190476192,
    "avg_length": 1.735143369175627,
    "score": 10.398228296329783
}