{
    "avg_count": 1.4516129032258065,
    "top_3": [
        12,
        10,
        11
    ],
    "score": 25.806451612903224
}