{
    "avg_count": 1.3225806451612903,
    "top_5": [
        22,
        20,
        5,
        7,
        6
    ],
    "score": 32.25806451612903
}