{
    "avg_brkfst": 9.190740740740742,
    "avg_lnch": 12.712499999999999,
    "avg_dnr": 19.37333333333333,
    "score": 19.91494992422162
}