{
    "avg_count": 0.7419354838709677,
    "top_3": [
        19,
        7,
        12
    ],
    "score": 48.38709677419355
}