{
    "avg_count": 0.12903225806451613,
    "top_3": [
        9,
        12,
        17
    ],
    "score": 6.451612903225806
}