{
    "avg_count": 3.967741935483871,
    "top_5": [
        17,
        11,
        13,
        6,
        5
    ],
    "score": 74.19354838709677
}