{
    "avg_brkfst": 6.916666666666667,
    "avg_lnch": null,
    "avg_dnr": 18.2,
    "score": 1.9008065962938947
}