{
    "soone_healing": 14.893617021276595,
    "soone_media": 22.22222222222222,
    "soone_workout": 4.3478260869565215
}