{
    "avg_count": 0.41935483870967744,
    "top_5": [
        19,
        8,
        10,
        16,
        13
    ],
    "score": 19.35483870967742
}