{
    "avg_count": 0.3548387096774194,
    "top_3": [
        15,
        6,
        13
    ],
    "score": 19.35483870967742
}