{
    "soone_healing": 1.0638297872340425,
    "soone_media": 11.11111111111111,
    "soone_workout": 2.1739130434782608
}