{
    "avg_count": 2.967741935483871,
    "top_3": [
        9,
        5,
        4
    ],
    "score": 35.483870967741936
}