{
    "avg_count": 0.1935483870967742,
    "top_3": [
        14,
        9,
        7
    ],
    "score": 16.129032258064516
}