{
    "soone_healing": 21.27659574468085,
    "soone_media": 11.11111111111111,
    "soone_workout": 0.0
}