{
    "avg_count": 2.096774193548387,
    "top_3": [
        11,
        13,
        18
    ],
    "score": 54.83870967741935
}