{
    "avg_brkfst": 9.288333333333334,
    "avg_lnch": 13.140740740740739,
    "avg_dnr": 19.366666666666667,
    "score": 26.86057040154424
}