{
    "avg_count": 1.7096774193548387,
    "top_3": [
        10,
        9,
        6
    ],
    "score": 22.58064516129032
}