{
    "soone_healing": 0.0,
    "soone_media": 22.22222222222222,
    "soone_workout": 2.1739130434782608
}