{
    "avg_count": 0.8709677419354839,
    "top_3": [
        18,
        15,
        16
    ],
    "score": 16.129032258064516
}