{
    "soone_healing": 3.1914893617021276,
    "soone_media": 11.11111111111111,
    "soone_workout": 0.0
}