{
    "avg_count": 0.3225806451612903,
    "top_3": [
        10,
        12,
        13
    ],
    "score": 9.67741935483871
}