{
    "avg_count": 0.2903225806451613,
    "top_3": [
        8,
        18,
        19
    ],
    "score": 29.03225806451613
}