{
    "avg_up": 2.6354166666666665,
    "avg_down": 1.6895833333333334,
    "avg_length": 0.6473028673835125,
    "score": 29.718770516488885
}