{
    "avg_brkfst": 6.883333333333333,
    "avg_lnch": 13.575,
    "avg_dnr": 19.256666666666668,
    "score": 6.905275382307997
}