{
    "avg_count": 0.1935483870967742,
    "top_3": [
        19,
        11,
        7
    ],
    "score": 6.451612903225806
}