{
    "avg_brkfst": 9.545333333333334,
    "avg_lnch": 13.427777777777775,
    "avg_dnr": 19.14358974358974,
    "score": 75.86438854123256
}