{
    "soone_healing": 1.0638297872340425,
    "soone_media": 0.0,
    "soone_workout": 2.1739130434782608
}