{
    "avg_count": 0.1935483870967742,
    "top_3": [
        23,
        9,
        8
    ],
    "score": 19.35483870967742
}