{
    "avg_brkfst": 10.012037037037038,
    "avg_lnch": 13.173958333333335,
    "avg_dnr": 19.9640350877193,
    "score": 52.77280160921784
}