{
    "avg_count": 0.22580645161290322,
    "top_3": [
        14,
        3,
        6
    ],
    "score": 19.35483870967742
}