{
    "avg_count": 1.1935483870967742,
    "top_5": [
        11,
        21,
        8,
        19,
        7
    ],
    "score": 41.935483870967744
}