{
    "avg_up": 4.309195402298849,
    "avg_down": 1.747126436781609,
    "avg_length": 4.944937275985663,
    "score": 71.75267060846934
}