{
    "avg_count": 2.6774193548387095,
    "top_3": [
        9,
        10,
        11
    ],
    "score": 64.51612903225806
}