{
    "soone_healing": 14.893617021276595,
    "soone_media": 11.11111111111111,
    "soone_workout": 2.1739130434782608
}