{
    "avg_up": 3.988271604938273,
    "avg_down": 1.219753086419753,
    "avg_length": 4.956899641577062,
    "score": 62.61960051227213
}