{
    "avg_count": 0.1935483870967742,
    "top_5": [
        8,
        15,
        16,
        17,
        11
    ],
    "score": 16.129032258064516
}