{
    "avg_count": 0.8064516129032258,
    "top_3": [
        15,
        18,
        19
    ],
    "score": 22.58064516129032
}