{
    "avg_up": 5.6000000000000005,
    "avg_down": 2.068181818181819,
    "avg_length": 3.6174103942652334,
    "score": 29.35359857135178
}