{
    "avg_count": 0.41935483870967744,
    "top_3": [
        23,
        8,
        10
    ],
    "score": 9.67741935483871
}