{
    "avg_count": 0.25806451612903225,
    "top_3": [
        11,
        14,
        12
    ],
    "score": 9.67741935483871
}