{
    "avg_count": 0.7741935483870968,
    "top_3": [
        15,
        8,
        9
    ],
    "score": 6.451612903225806
}