{
    "soone_healing": 13.829787234042554,
    "soone_media": 11.11111111111111,
    "soone_workout": 36.95652173913044
}