{
    "avg_brkfst": 9.702380952380953,
    "avg_lnch": 13.826190476190476,
    "avg_dnr": 18.333333333333332,
    "score": 17.12457049240922
}