{
    "avg_count": 2.903225806451613,
    "top_3": [
        13,
        14,
        17
    ],
    "score": 90.32258064516128
}