{
    "avg_brkfst": 9.18095238095238,
    "avg_lnch": 14.196153846153845,
    "avg_dnr": 19.498412698412697,
    "score": 62.95810442259631
}