{
    "avg_count": 0.3870967741935484,
    "top_3": [
        13,
        20,
        2
    ],
    "score": 19.35483870967742
}