{
    "avg_count": 0.41935483870967744,
    "top_3": [
        13,
        16,
        17
    ],
    "score": 16.129032258064516
}