{
    "avg_count": 0.25806451612903225,
    "top_3": [
        12,
        18,
        19
    ],
    "score": 25.806451612903224
}