{
    "avg_up": 6.083333333333334,
    "avg_down": 2.5541666666666667,
    "avg_length": 1.6527508960573476,
    "score": 10.089723431151548
}