{
    "avg_count": 7.516129032258065,
    "top_3": [
        17,
        7,
        8
    ],
    "score": 93.54838709677419
}