{
    "avg_count": 0.8064516129032258,
    "top_5": [
        6,
        21,
        11,
        13,
        5
    ],
    "score": 45.16129032258064
}