{
    "avg_count": 0.1935483870967742,
    "top_3": [
        8,
        19,
        10
    ],
    "score": 12.903225806451612
}