{
    "avg_brkfst": 10.817391304347826,
    "avg_lnch": 15.373611111111115,
    "avg_dnr": 18.696031746031746,
    "score": 68.89086292093639
}