{
    "avg_count": 2.4516129032258065,
    "top_5": [
        17,
        6,
        23,
        5,
        22
    ],
    "score": 93.54838709677419
}