{
    "avg_up": 4.060897435897436,
    "avg_down": 1.5102564102564102,
    "avg_length": 4.677016129032258,
    "score": 61.06036443232891
}