{
    "avg_count": 1.7419354838709677,
    "top_3": [
        9,
        7,
        8
    ],
    "score": 96.7741935483871
}