{
    "avg_count": 0.5161290322580645,
    "top_3": [
        20,
        8,
        19
    ],
    "score": 41.935483870967744
}