{
    "avg_up": 8.105,
    "avg_down": 1.4333333333333333,
    "avg_length": 3.1991039426523296,
    "score": 25.313001572032604
}