{
    "avg_brkfst": 9.287037037037036,
    "avg_lnch": 13.095833333333335,
    "avg_dnr": 19.623333333333335,
    "score": 14.196029506047468
}