{
    "soone_healing": 12.76595744680851,
    "soone_media": 11.11111111111111,
    "soone_workout": 13.043478260869565
}