{
    "avg_brkfst": 10.163690476190478,
    "avg_lnch": 13.71111111111111,
    "avg_dnr": 19.468666666666667,
    "score": 81.54404502248184
}