{
    "avg_count": 5.096774193548387,
    "top_3": [
        7,
        8,
        21
    ],
    "score": 87.09677419354838
}