{
    "avg_up": 8.5,
    "avg_down": 1.9444444444444446,
    "avg_length": 0.7826344086021505,
    "score": 21.240532096479527
}