{
    "avg_up": 2.8885964912280704,
    "avg_down": 1.8438596491228072,
    "avg_length": 1.6337096774193545,
    "score": 33.19179228526511
}