{
    "avg_count": 0.0967741935483871,
    "top_5": [
        1,
        10,
        17,
        20,
        0
    ],
    "score": 9.67741935483871
}