{
    "soone_healing": 7.446808510638298,
    "soone_media": 11.11111111111111,
    "soone_workout": 4.3478260869565215
}