{
    "avg_brkfst": 10.143333333333334,
    "avg_lnch": 14.305555555555555,
    "avg_dnr": 18.658333333333335,
    "score": 12.40510608128854
}