{
    "avg_brkfst": 9.643055555555556,
    "avg_lnch": 14.072222222222223,
    "avg_dnr": 19.495238095238097,
    "score": 35.48235962772425
}