{
    "avg_up": 8.265151515151517,
    "avg_down": 2.145454545454546,
    "avg_length": 3.648019713261649,
    "score": 28.15837639584965
}