{
    "avg_count": 0.6774193548387096,
    "top_3": [
        12,
        13,
        11
    ],
    "score": 61.29032258064516
}