{
    "avg_brkfst": 10.348333333333336,
    "avg_lnch": 14.164880952380953,
    "avg_dnr": 18.42083333333333,
    "score": 88.41554662334516
}