{
    "avg_count": 0.8064516129032258,
    "top_3": [
        21,
        15,
        11
    ],
    "score": 32.25806451612903
}