{
    "soone_healing": 20.21276595744681,
    "soone_media": 33.333333333333336,
    "soone_workout": 2.1739130434782608
}