{
    "soone_healing": 3.1914893617021276,
    "soone_media": 0.0,
    "soone_workout": 4.3478260869565215
}