{
    "avg_brkfst": 8.578571428571427,
    "avg_lnch": 12.713888888888889,
    "avg_dnr": 17.391666666666666,
    "score": 11.333895778619231
}