{
    "avg_count": 2.6129032258064515,
    "top_3": [
        8,
        6,
        7
    ],
    "score": 61.29032258064516
}