{
    "avg_up": 5.687254901960783,
    "avg_down": 2.322549019607843,
    "avg_length": 3.8667741935483857,
    "score": 31.644682371918442
}