{
    "soone_healing": 17.02127659574468,
    "soone_media": 0.0,
    "soone_workout": 2.1739130434782608
}