{
    "avg_count": 0.6182163187855787,
    "top_5": [
        12,
        14,
        10,
        8,
        17
    ],
    "score": 17.9696394686907
}