{
    "avg_brkfst": null,
    "avg_lnch": 13.766666666666666,
    "avg_dnr": 18.433333333333334,
    "score": 2.6007369260777384
}