{
    "avg_up": 4.2875,
    "avg_down": 3.1583333333333337,
    "avg_length": 0.4576971326164875,
    "score": 25.752247858407205
}