{
    "soone_healing": 6.382978723404255,
    "soone_media": 0.0,
    "soone_workout": 4.3478260869565215
}