{
    "avg_count": 0.25806451612903225,
    "top_3": [
        8,
        21,
        7
    ],
    "score": 12.903225806451612
}