{
    "avg_count": 0.3548387096774194,
    "top_3": [
        16,
        3,
        11
    ],
    "score": 16.129032258064516
}