{
    "avg_up": 4.587179487179487,
    "avg_down": 1.8358974358974354,
    "avg_length": 3.2772222222222216,
    "score": 53.32992949254474
}