{
    "avg_count": 0.5161290322580645,
    "top_3": [
        17,
        10,
        13
    ],
    "score": 19.35483870967742
}