{
    "avg_count": 0.3225806451612903,
    "top_5": [
        5,
        20,
        17,
        3,
        12
    ],
    "score": 22.58064516129032
}