{
    "avg_count": 0.12903225806451613,
    "top_5": [
        2,
        1,
        20,
        11,
        10
    ],
    "score": 6.451612903225806
}