{
    "avg_up": 6.10625,
    "avg_down": 1.233333333333333,
    "avg_length": 4.140026881720429,
    "score": 45.62709340908147
}