{
    "avg_up": 6.576190476190476,
    "avg_down": 1.2761904761904759,
    "avg_length": 2.8897491039426524,
    "score": 14.502682943818932
}