{
    "avg_count": 0.0967741935483871,
    "top_3": [
        23,
        18,
        6
    ],
    "score": 9.67741935483871
}