{
    "soone_healing": 6.382978723404255,
    "soone_media": 11.11111111111111,
    "soone_workout": 0.0
}