{
    "avg_count": 0.2903225806451613,
    "top_3": [
        9,
        14,
        11
    ],
    "score": 19.35483870967742
}