{
    "avg_count": 3.2903225806451615,
    "top_5": [
        22,
        21,
        23,
        9,
        10
    ],
    "score": 41.935483870967744
}