{
    "avg_up": 8.296666666666665,
    "avg_down": 3.45,
    "avg_length": 1.0298118279569892,
    "score": 18.061834345154374
}