{
    "avg_up": 4.80925925925926,
    "avg_down": 2.355555555555555,
    "avg_length": 1.974229390681004,
    "score": 39.84086681527151
}