{
    "avg_brkfst": 7.244871794871794,
    "avg_lnch": 13.533333333333333,
    "avg_dnr": 19.520370370370372,
    "score": 27.95902725084349
}