{
    "avg_count": 0.45161290322580644,
    "top_5": [
        16,
        3,
        15,
        10,
        7
    ],
    "score": 9.67741935483871
}