{
    "avg_count": 0.06451612903225806,
    "top_3": [
        23,
        12,
        10
    ],
    "score": 6.451612903225806
}