{
    "avg_count": 3.3870967741935485,
    "top_5": [
        21,
        22,
        0,
        13,
        5
    ],
    "score": 70.96774193548387
}