{
    "avg_count": 1.3225806451612903,
    "top_3": [
        7,
        8,
        11
    ],
    "score": 16.129032258064516
}