{
    "avg_count": 1.6451612903225807,
    "top_5": [
        17,
        5,
        2,
        6,
        18
    ],
    "score": 19.35483870967742
}