{
    "avg_count": 4.096774193548387,
    "top_3": [
        10,
        18,
        19
    ],
    "score": 58.06451612903226
}