{
    "avg_count": 1.6774193548387097,
    "top_3": [
        21,
        20,
        6
    ],
    "score": 90.32258064516128
}