{
    "avg_count": 0.0967741935483871,
    "top_5": [
        1,
        10,
        23,
        19,
        17
    ],
    "score": 6.451612903225806
}