{
    "avg_brkfst": 9.474074074074075,
    "avg_lnch": 13.268749999999999,
    "avg_dnr": 18.043333333333333,
    "score": 28.348576375314796
}