{
    "avg_count": 1.2258064516129032,
    "top_3": [
        15,
        8,
        11
    ],
    "score": 45.16129032258064
}