{
    "avg_brkfst": 9.486538461538462,
    "avg_lnch": 13.282500000000002,
    "avg_dnr": 18.976086956521737,
    "score": 68.79018435864
}