{
    "avg_up": 3.872666666666668,
    "avg_down": 0.7980000000000003,
    "avg_length": 4.028136200716847,
    "score": 59.01599528769694
}