{
    "avg_count": 0.41935483870967744,
    "top_5": [
        19,
        4,
        0,
        22,
        21
    ],
    "score": 16.129032258064516
}