{
    "avg_up": 4.768333333333333,
    "avg_down": 2.9508333333333336,
    "avg_length": 2.0850627240143376,
    "score": 41.776676669395265
}