{
    "avg_up": 5.436666666666668,
    "avg_down": 0.9833333333333331,
    "avg_length": 4.7572491039426525,
    "score": 38.11122655763209
}