{
    "avg_up": 4.614814814814815,
    "avg_down": 1.8472222222222225,
    "avg_length": 2.642732974910394,
    "score": 36.758339405061726
}