{
    "avg_up": 6.232608695652174,
    "avg_down": 2.039855072463768,
    "avg_length": 6.778682795698926,
    "score": 75.94469247586895
}