{
    "avg_up": 5.011111111111111,
    "avg_down": 3.3444444444444446,
    "avg_length": 0.2310394265232975,
    "score": 30.7186023640446
}