{
    "avg_up": 3.8166666666666664,
    "avg_down": 3.9833333333333343,
    "avg_length": 0.3607795698924731,
    "score": 20.753364713589576
}