{
    "soone_healing": 2.127659574468085,
    "soone_media": 0.0,
    "soone_workout": 2.1739130434782608
}