{
    "avg_brkfst": 9.728703703703703,
    "avg_lnch": 13.855882352941176,
    "avg_dnr": 19.30444444444444,
    "score": 48.49888831803912
}