{
    "avg_count": 0.2903225806451613,
    "top_3": [
        8,
        17,
        10
    ],
    "score": 6.451612903225806
}