{
    "avg_up": 5.477777777777778,
    "avg_down": 2.2277777777777774,
    "avg_length": 2.074408602150538,
    "score": 10.013420053569355
}