{
    "avg_up": 5.824193548387097,
    "avg_down": 4.026881720430108,
    "avg_length": 7.643960573476702,
    "score": 100.89560231318546
}