{
    "avg_brkfst": 11.633333333333333,
    "avg_lnch": 12.616666666666667,
    "avg_dnr": 18.9,
    "score": 2.8295877653904737
}