{
    "avg_brkfst": 6.266666666666667,
    "avg_lnch": null,
    "avg_dnr": 16.65,
    "score": 1.9008065962938947
}