{
    "avg_up": 7.011111111111112,
    "avg_down": 2.197777777777778,
    "avg_length": 4.461630824372759,
    "score": 42.045446195090086
}