{
    "avg_count": 1.1935483870967742,
    "top_3": [
        18,
        17,
        15
    ],
    "score": 41.935483870967744
}