{
    "avg_brkfst": 9.433333333333332,
    "avg_lnch": 13.391666666666666,
    "avg_dnr": 16.288888888888888,
    "score": 14.628416207861212
}