{
    "avg_brkfst": 8.228787878787879,
    "avg_lnch": 13.166666666666666,
    "avg_dnr": 19.283333333333335,
    "score": 11.613172883763243
}