{
    "avg_count": 0.45161290322580644,
    "top_5": [
        4,
        15,
        17,
        11,
        5
    ],
    "score": 29.03225806451613
}