{
    "avg_up": 5.58840579710145,
    "avg_down": 1.6956521739130441,
    "avg_length": 5.020008960573477,
    "score": 61.19538483731727
}