{
    "avg_count": 0.3225806451612903,
    "top_5": [
        16,
        19,
        11,
        13,
        5
    ],
    "score": 22.58064516129032
}