{
    "avg_up": 8.175,
    "avg_down": 1.7500000000000007,
    "avg_length": 0.6347222222222222,
    "score": 19.8313818140712
}