{
    "avg_count": 1.8387096774193548,
    "top_5": [
        9,
        17,
        19,
        6,
        12
    ],
    "score": 48.38709677419355
}