{
    "soone_healing": 15.957446808510639,
    "soone_media": 100,
    "soone_workout": 91.30434782608695
}