{
    "avg_brkfst": 8.71923076923077,
    "avg_lnch": 12.914583333333333,
    "avg_dnr": 19.206060606060603,
    "score": 30.260073097844504
}