{
    "avg_count": 0.1935483870967742,
    "top_3": [
        12,
        13,
        10
    ],
    "score": 16.129032258064516
}