{
    "avg_brkfst": 8.945454545454545,
    "avg_lnch": 13.71111111111111,
    "avg_dnr": 18.945833333333333,
    "score": 21.146933490038062
}