{
    "avg_up": 7.059259259259259,
    "avg_down": 1.6925925925925924,
    "avg_length": 1.9951971326164875,
    "score": 26.99754823239961
}