{
    "avg_brkfst": 10.787179487179484,
    "avg_lnch": 12.945833333333333,
    "avg_dnr": 19.425,
    "score": 28.577285223131977
}