{
    "avg_brkfst": 10.308333333333334,
    "avg_lnch": 14.191666666666666,
    "avg_dnr": 19.96666666666667,
    "score": 3.349644656479509
}