{
    "avg_count": 0.7419354838709677,
    "top_3": [
        19,
        7,
        6
    ],
    "score": 61.29032258064516
}