{
    "avg_brkfst": 9.883333333333333,
    "avg_lnch": 12.543333333333333,
    "avg_dnr": 18.4,
    "score": 4.993785009496336
}