{
    "avg_up": 6.283333333333334,
    "avg_down": 1.4388888888888889,
    "avg_length": 0.7473118279569892,
    "score": 22.49960992055035
}