{
    "avg_brkfst": 9.108333333333333,
    "avg_lnch": 12.333333333333334,
    "avg_dnr": 19.895833333333336,
    "score": 9.98525172639889
}