{
    "avg_count": 0.0967741935483871,
    "top_3": [
        23,
        6,
        7
    ],
    "score": 3.225806451612903
}