{
    "avg_up": 7.944444444444444,
    "avg_down": 1.8333333333333321,
    "avg_length": 0.9461648745519714,
    "score": 19.25803176335078
}