{
    "avg_up": 5.285416666666666,
    "avg_down": 2.0416666666666665,
    "avg_length": 2.218691756272402,
    "score": 16.678536717787416
}