{
    "avg_up": 3.147619047619048,
    "avg_down": 1.2642857142857145,
    "avg_length": 0.6183512544802867,
    "score": 28.319587742403144
}