{
    "avg_count": 3.967741935483871,
    "top_5": [
        9,
        1,
        12,
        7,
        8
    ],
    "score": 80.64516129032258
}