{
    "avg_count": 2.2903225806451615,
    "top_3": [
        19,
        15,
        13
    ],
    "score": 83.87096774193549
}