{
    "avg_up": 7.991666666666667,
    "avg_down": 0.7500000000000002,
    "avg_length": 0.8101075268817205,
    "score": 14.551695721763132
}