{
    "avg_up": 4.257575757575757,
    "avg_down": 2.174242424242424,
    "avg_length": 1.4537455197132616,
    "score": 25.81418046616646
}