{
    "avg_up": 6.090909090909093,
    "avg_down": 1.5174242424242428,
    "avg_length": 5.374569892473117,
    "score": 60.735385460865665
}