{
    "avg_brkfst": 8.107142857142858,
    "avg_lnch": 13.483333333333334,
    "avg_dnr": 18.848148148148155,
    "score": 30.80944250991864
}