{
    "avg_count": 0.3225806451612903,
    "top_3": [
        7,
        11,
        16
    ],
    "score": 19.35483870967742
}