{
    "avg_count": 0.9354838709677419,
    "top_3": [
        16,
        6,
        17
    ],
    "score": 54.83870967741935
}