{
    "avg_count": 5.387096774193548,
    "top_3": [
        10,
        9,
        15
    ],
    "score": 54.83870967741935
}