{
    "avg_count": 1.096774193548387,
    "top_3": [
        8,
        7,
        18
    ],
    "score": 41.935483870967744
}