{
    "avg_brkfst": 6.483333333333333,
    "avg_lnch": 12.266666666666667,
    "avg_dnr": 17.35,
    "score": 2.686990545532578
}