{
    "avg_up": 3.3840909090909093,
    "avg_down": 1.818181818181818,
    "avg_length": 2.9990322580645166,
    "score": 45.59544753230659
}