{
    "soone_healing": 5.319148936170213,
    "soone_media": 0.0,
    "soone_workout": 4.3478260869565215
}