{
    "avg_count": 0.12903225806451613,
    "top_5": [
        10,
        3,
        20,
        1,
        23
    ],
    "score": 12.903225806451612
}