{
    "avg_brkfst": 11.133333333333333,
    "avg_lnch": 12.991666666666667,
    "avg_dnr": 18.273809523809526,
    "score": 5.75332616938906
}