{
    "soone_healing": 4.25531914893617,
    "soone_media": 11.11111111111111,
    "soone_workout": 4.3478260869565215
}