{
    "avg_count": 0.1935483870967742,
    "top_5": [
        8,
        6,
        15,
        17,
        21
    ],
    "score": 16.129032258064516
}