{
    "avg_up": 5.554444444444444,
    "avg_down": 2.1433333333333335,
    "avg_length": 4.273942652329748,
    "score": 44.39407066703688
}