{
    "avg_up": 1.883333333333333,
    "avg_down": 1.4888888888888892,
    "avg_length": 0.2968727598566308,
    "score": 31.00257874386431
}