{
    "avg_count": 0.3225806451612903,
    "top_5": [
        5,
        22,
        1,
        0,
        7
    ],
    "score": 16.129032258064516
}