{
    "soone_healing": 100,
    "soone_media": 44.44444444444444,
    "soone_workout": 2.1739130434782608
}