{
    "avg_up": 4.529761904761904,
    "avg_down": 2.2166666666666663,
    "avg_length": 2.8863530465949814,
    "score": 27.501825255543373
}