{
    "avg_up": 8.201282051282051,
    "avg_down": 1.6243589743589744,
    "avg_length": 4.042096774193548,
    "score": 32.082130607580474
}