{
    "avg_brkfst": 9.243333333333332,
    "avg_lnch": 13.306250000000002,
    "avg_dnr": 18.054545454545455,
    "score": 26.568077934913415
}