{
    "avg_brkfst": 9.352083333333333,
    "avg_lnch": 13.841666666666669,
    "avg_dnr": 18.23030303030303,
    "score": 27.099569880059786
}