{
    "avg_up": 3.6888888888888896,
    "avg_down": 3.033333333333333,
    "avg_length": 0.2726164874551971,
    "score": 32.875629865693206
}