{
    "avg_up": 4.023958333333333,
    "avg_down": 2.0062499999999996,
    "avg_length": 1.9128763440860215,
    "score": 26.29774620535043
}