{
    "avg_brkfst": 9.5625,
    "avg_lnch": 13.183333333333334,
    "avg_dnr": 16.794444444444444,
    "score": 6.188977276474837
}