{
    "avg_count": 0.3870967741935484,
    "top_3": [
        17,
        19,
        8
    ],
    "score": 22.58064516129032
}