{
    "avg_up": 6.638888888888889,
    "avg_down": 2.427777777777778,
    "avg_length": 2.676774193548387,
    "score": 12.939946070425073
}