{
    "avg_count": 0.967741935483871,
    "top_3": [
        3,
        5,
        4
    ],
    "score": 58.06451612903226
}