{
    "avg_brkfst": 9.858333333333334,
    "avg_lnch": 12.516666666666666,
    "avg_dnr": 18.383333333333333,
    "score": 12.337846168115748
}