{
    "avg_count": 0.03225806451612903,
    "top_3": [
        22,
        23,
        6
    ],
    "score": 3.225806451612903
}