{
    "avg_count": 0.8387096774193549,
    "top_5": [
        21,
        7,
        18,
        0,
        4
    ],
    "score": 41.935483870967744
}