{
    "avg_count": 0.8709677419354839,
    "top_3": [
        10,
        16,
        19
    ],
    "score": 51.61290322580645
}