{
    "avg_up": 4.358333333333333,
    "avg_down": 4.333333333333334,
    "avg_length": 0.25903225806451613,
    "score": 25.230960745901484
}