{
    "avg_up": 1.9880952380952377,
    "avg_down": 2.042857142857143,
    "avg_length": 0.13398745519713265,
    "score": 34.362929080501736
}