{
    "avg_brkfst": 11.433333333333332,
    "avg_lnch": 13.32878787878788,
    "avg_dnr": 19.544444444444444,
    "score": 23.76113383573893
}