{
    "avg_brkfst": null,
    "avg_lnch": null,
    "avg_dnr": 17.383333333333333,
    "score": 2.706688013950739
}