{
    "avg_count": 0.3548387096774194,
    "top_5": [
        21,
        9,
        8,
        6,
        5
    ],
    "score": 22.58064516129032
}