{
    "soone_healing": 3.1914893617021276,
    "soone_media": 0.0,
    "soone_workout": 2.1739130434782608
}