{
    "avg_count": 2.5806451612903225,
    "top_5": [
        20,
        6,
        19,
        9,
        5
    ],
    "score": 90.32258064516128
}