{
    "avg_count": 0.7096774193548387,
    "top_3": [
        18,
        13,
        8
    ],
    "score": 48.38709677419355
}