{
    "avg_brkfst": 8.864912280701754,
    "avg_lnch": 12.607692307692306,
    "avg_dnr": 17.194444444444446,
    "score": 45.27041502925326
}