{
    "avg_brkfst": 8.341666666666667,
    "avg_lnch": 14.658333333333333,
    "avg_dnr": 18.195833333333333,
    "score": 12.058107186109225
}