{
    "avg_up": 1.8583333333333332,
    "avg_down": 1.5833333333333328,
    "avg_length": 0.06996415770609318,
    "score": 34.11758097367803
}