{
    "soone_healing": 2.127659574468085,
    "soone_media": 11.11111111111111,
    "soone_workout": 2.1739130434782608
}