{
    "avg_brkfst": 9.415555555555557,
    "avg_lnch": 13.25,
    "avg_dnr": 19.106666666666666,
    "score": 29.252416882608912
}