{
    "avg_up": 5.662698412698412,
    "avg_down": 1.4349206349206352,
    "avg_length": 4.928109318996415,
    "score": 58.5163165108924
}