{
    "avg_count": 0.2903225806451613,
    "top_5": [
        12,
        16,
        21,
        3,
        19
    ],
    "score": 12.903225806451612
}