{
    "avg_count": 0.7741935483870968,
    "top_3": [
        8,
        14,
        13
    ],
    "score": 25.806451612903224
}