{
    "avg_brkfst": 9.35,
    "avg_lnch": 12.722222222222221,
    "avg_dnr": 18.758333333333333,
    "score": 9.487140460484419
}