{
    "avg_count": 2.6129032258064515,
    "top_5": [
        16,
        17,
        11,
        4,
        6
    ],
    "score": 90.32258064516128
}