{
    "avg_count": 0.7419354838709677,
    "top_3": [
        12,
        7,
        6
    ],
    "score": 38.70967741935484
}