{
    "avg_brkfst": 8.962499999999999,
    "avg_lnch": 13.605555555555556,
    "avg_dnr": 18.211904761904766,
    "score": 10.991650853329128
}