{
    "avg_count": 0.4838709677419355,
    "top_5": [
        18,
        20,
        4,
        3,
        7
    ],
    "score": 25.806451612903224
}