{
    "avg_up": 4.999999999999999,
    "avg_down": 2.4133333333333336,
    "avg_length": 6.240439068100359,
    "score": 47.914154057497434
}