{
    "soone_healing": 5.319148936170213,
    "soone_media": 22.22222222222222,
    "soone_workout": 41.30434782608695
}