{
    "avg_up": 7.638888888888889,
    "avg_down": 1.807407407407407,
    "avg_length": 2.7556272401433692,
    "score": 26.405616210802002
}