{
    "avg_brkfst": 6.998611111111111,
    "avg_lnch": 14.113333333333333,
    "avg_dnr": 18.999999999999996,
    "score": 25.231850130099808
}