{
    "avg_brkfst": 8.766666666666667,
    "avg_lnch": 14.127083333333335,
    "avg_dnr": 18.976190476190474,
    "score": 34.79143932781653
}