{
    "avg_up": 6.205000000000001,
    "avg_down": 1.0500000000000003,
    "avg_length": 5.797150537634409,
    "score": 63.32320536160458
}