{
    "avg_count": 3.2903225806451615,
    "top_3": [
        10,
        9,
        11
    ],
    "score": 96.7741935483871
}