{
    "avg_brkfst": 9.5625,
    "avg_lnch": 14.934313725490197,
    "avg_dnr": 17.977777777777778,
    "score": 40.19496367863782
}