{
    "avg_up": 3.5777777777777775,
    "avg_down": 2.013888888888889,
    "avg_length": 0.7658691756272402,
    "score": 28.75362268065571
}