{
    "avg_count": 0.0967741935483871,
    "top_5": [
        2,
        1,
        13,
        10,
        11
    ],
    "score": 9.67741935483871
}