{
    "avg_up": 5.241666666666666,
    "avg_down": 0.7499999999999998,
    "avg_length": 0.709910394265233,
    "score": 22.54410800007188
}