{
    "avg_up": 4.526190476190476,
    "avg_down": 2.24047619047619,
    "avg_length": 4.7875089605734775,
    "score": 56.0479062911065
}