{
    "avg_up": 2.7416666666666676,
    "avg_down": 2.5736111111111115,
    "avg_length": 2.528745519713262,
    "score": 34.158110865787854
}