{
    "avg_brkfst": 9.719444444444443,
    "avg_lnch": 14.10952380952381,
    "avg_dnr": 18.974074074074075,
    "score": 18.09868606304962
}