{
    "avg_up": 6.491666666666667,
    "avg_down": 1.8833333333333329,
    "avg_length": 0.5799820788530465,
    "score": 21.162753874169866
}