{
    "avg_up": 5.576666666666668,
    "avg_down": 2.2744444444444443,
    "avg_length": 2.3025179211469537,
    "score": 31.99858456378839
}