{
    "avg_count": 8.129032258064516,
    "top_3": [
        11,
        7,
        6
    ],
    "score": 96.7741935483871
}