{
    "avg_brkfst": 8.961458333333335,
    "avg_lnch": 13.652083333333335,
    "avg_dnr": 18.726543209876542,
    "score": 59.52775482823559
}