{
    "avg_brkfst": 8.945833333333335,
    "avg_lnch": 13.541666666666668,
    "avg_dnr": 17.83888888888889,
    "score": 11.791201058205122
}