{
    "avg_count": 0.4838709677419355,
    "top_5": [
        7,
        12,
        14,
        15,
        9
    ],
    "score": 22.58064516129032
}