{
    "avg_brkfst": 11.033333333333335,
    "avg_lnch": 14.616666666666667,
    "avg_dnr": 19.943333333333335,
    "score": 10.687180858099834
}