{
    "avg_up": 3.362962962962963,
    "avg_down": 2.6111111111111107,
    "avg_length": 0.7328136200716846,
    "score": 31.363354159767766
}