{
    "avg_brkfst": 9.014393939393939,
    "avg_lnch": 13.851041666666665,
    "avg_dnr": 19.339999999999996,
    "score": 52.193656342220216
}