{
    "avg_count": 0.6451612903225806,
    "top_3": [
        7,
        20,
        17
    ],
    "score": 35.483870967741936
}