{
    "soone_healing": 11.702127659574469,
    "soone_media": 0.0,
    "soone_workout": 2.1739130434782608
}