{
    "avg_count": 1.2580645161290323,
    "top_5": [
        4,
        7,
        19,
        21,
        17
    ],
    "score": 74.19354838709677
}