{
    "avg_up": 4.566666666666666,
    "avg_down": 2.5622222222222226,
    "avg_length": 1.5288799283154122,
    "score": 35.1151249016729
}