{
    "avg_up": 5.159722222222222,
    "avg_down": 1.7499999999999998,
    "avg_length": 2.5520430107526884,
    "score": 35.65804770694207
}