{
    "avg_count": 0.16129032258064516,
    "top_3": [
        7,
        20,
        11
    ],
    "score": 9.67741935483871
}