{
    "avg_up": 5.5744444444444445,
    "avg_down": 1.4761111111111114,
    "avg_length": 7.312508960573476,
    "score": 86.19682438252241
}