{
    "avg_brkfst": 8.279166666666667,
    "avg_lnch": 12.7875,
    "avg_dnr": 18.56111111111111,
    "score": 19.93697495094452
}