{
    "avg_count": 0.22580645161290322,
    "top_3": [
        9,
        6,
        19
    ],
    "score": 6.451612903225806
}