{
    "avg_count": 4.806451612903226,
    "top_3": [
        6,
        8,
        14
    ],
    "score": 87.09677419354838
}