{
    "avg_count": 1.4838709677419355,
    "top_3": [
        11,
        6,
        4
    ],
    "score": 19.35483870967742
}