{
    "avg_count": 0.7419354838709677,
    "top_5": [
        0,
        22,
        12,
        6,
        18
    ],
    "score": 16.129032258064516
}