{
    "avg_up": 5.118421052631579,
    "avg_down": 1.2184210526315795,
    "avg_length": 4.07755376344086,
    "score": 49.7658663161704
}