{
    "avg_count": 0.9032258064516129,
    "top_3": [
        20,
        12,
        14
    ],
    "score": 41.935483870967744
}