{
    "avg_brkfst": 10.600000000000001,
    "avg_lnch": 13.937037037037037,
    "avg_dnr": 18.704545454545457,
    "score": 25.19125692768474
}