{
    "avg_count": 1.5161290322580645,
    "top_3": [
        20,
        6,
        19
    ],
    "score": 61.29032258064516
}