{
    "avg_up": 6.920289855072465,
    "avg_down": 1.8449275362318842,
    "avg_length": 8.448736559139785,
    "score": 47.0475206222844
}