{
    "avg_count": 3.935483870967742,
    "top_5": [
        20,
        23,
        16,
        14,
        6
    ],
    "score": 90.32258064516128
}