{
    "avg_up": 6.709615384615386,
    "avg_down": 0.8782051282051279,
    "avg_length": 6.927544802867384,
    "score": 86.88535375433423
}