{
    "avg_count": 1.7741935483870968,
    "top_5": [
        19,
        20,
        21,
        12,
        18
    ],
    "score": 35.483870967741936
}