{
    "avg_up": 5.751666666666667,
    "avg_down": 1.81,
    "avg_length": 1.9670609318996415,
    "score": 21.813325977371143
}