{
    "avg_brkfst": 11.441666666666666,
    "avg_lnch": 13.608333333333334,
    "avg_dnr": 18.66190476190476,
    "score": 9.49580617107447
}