{
    "avg_up": 5.703124999999998,
    "avg_down": 2.822916666666667,
    "avg_length": 4.443781362007168,
    "score": 44.503373387049564
}