{
    "avg_up": 5.8619047619047615,
    "avg_down": 0.680952380952381,
    "avg_length": 1.4086111111111113,
    "score": 27.61856717716762
}