{
    "avg_brkfst": 10.440000000000001,
    "avg_lnch": 12.266666666666666,
    "avg_dnr": 19.683333333333334,
    "score": 6.762844879784293
}