{
    "avg_brkfst": 9.385256410256412,
    "avg_lnch": 13.887301587301588,
    "avg_dnr": 18.746825396825397,
    "score": 68.59479827864165
}