{
    "avg_count": 0.32542694497153696,
    "top_3": [
        9,
        7,
        8
    ],
    "score": 17.32447817836812
}