{
    "avg_brkfst": null,
    "avg_lnch": null,
    "avg_dnr": 18.283333333333335,
    "score": 0.895663515177526
}