{
    "avg_brkfst": 8.295833333333334,
    "avg_lnch": 12.895833333333332,
    "avg_dnr": 19.099999999999998,
    "score": 6.578740443857408
}