{
    "avg_up": 3.9690476190476187,
    "avg_down": 1.7642857142857138,
    "avg_length": 4.276021505376344,
    "score": 62.04336315307221
}