{
    "avg_brkfst": 9.269607843137255,
    "avg_lnch": 14.759803921568626,
    "avg_dnr": 18.721296296296295,
    "score": 51.1713835677059
}