{
    "avg_count": 0.06451612903225806,
    "top_3": [
        23,
        7,
        19
    ],
    "score": 3.225806451612903
}