{
    "avg_count": 0.7741935483870968,
    "top_3": [
        18,
        9,
        14
    ],
    "score": 22.58064516129032
}