{
    "avg_count": 0.12903225806451613,
    "top_5": [
        10,
        23,
        9,
        20,
        7
    ],
    "score": 6.451612903225806
}