{
    "avg_up": 5.2091666666666665,
    "avg_down": 1.851666666666667,
    "avg_length": 4.322464157706094,
    "score": 58.185461984432585
}