{
    "avg_up": 6.247727272727274,
    "avg_down": 1.3409090909090904,
    "avg_length": 6.017249103942651,
    "score": 55.97607467341237
}