{
    "avg_count": 4.419354838709677,
    "top_5": [
        18,
        21,
        9,
        0,
        5
    ],
    "score": 93.54838709677419
}