{
    "soone_healing": 60.638297872340424,
    "soone_media": 100,
    "soone_workout": 2.1739130434782608
}