{
    "avg_count": 0.3225806451612903,
    "top_3": [
        17,
        4,
        19
    ],
    "score": 19.35483870967742
}