{
    "avg_count": 0.3870967741935484,
    "top_5": [
        14,
        9,
        7,
        10,
        6
    ],
    "score": 32.25806451612903
}