{
    "avg_brkfst": 10.16,
    "avg_lnch": 13.37962962962963,
    "avg_dnr": 17.785000000000004,
    "score": 26.044785728436384
}