{
    "avg_count": 2.193548387096774,
    "top_3": [
        5,
        9,
        16
    ],
    "score": 83.87096774193549
}