{
    "avg_brkfst": 9.947619047619046,
    "avg_lnch": 14.7125,
    "avg_dnr": 18.766666666666666,
    "score": 19.88408885633722
}