{
    "avg_count": 0.6774193548387096,
    "top_3": [
        9,
        11,
        8
    ],
    "score": 16.129032258064516
}