{
    "avg_count": 0.06451612903225806,
    "top_5": [
        2,
        1,
        10,
        23,
        15
    ],
    "score": 3.225806451612903
}