{
    "avg_brkfst": null,
    "avg_lnch": null,
    "avg_dnr": 18.133333333333333,
    "score": 0.895663515177526
}