{
    "soone_healing": 4.25531914893617,
    "soone_media": 44.44444444444444,
    "soone_workout": 13.043478260869565
}