{
    "avg_brkfst": 9.76845238095238,
    "avg_lnch": 13.981884057971012,
    "avg_dnr": 19.115333333333332,
    "score": 77.45323870133777
}