{
    "avg_up": 6.151111111111112,
    "avg_down": 1.5811111111111111,
    "avg_length": 3.7488620071684595,
    "score": 45.72742376250131
}