{
    "avg_up": 7.880303030303029,
    "avg_down": 1.7651515151515154,
    "avg_length": 4.912741935483871,
    "score": 26.87489098239852
}