{
    "avg_up": 5.288888888888889,
    "avg_down": 2.3277777777777775,
    "avg_length": 0.7531541218637993,
    "score": 20.979395750404635
}