{
    "avg_up": 2.81,
    "avg_down": 1.9666666666666663,
    "avg_length": 0.33127240143369174,
    "score": 31.378183972528447
}