{
    "avg_count": 0.45161290322580644,
    "top_3": [
        9,
        6,
        23
    ],
    "score": 29.03225806451613
}