{
    "avg_count": 7.129032258064516,
    "top_3": [
        13,
        15,
        7
    ],
    "score": 70.96774193548387
}