{
    "avg_up": 9.06025641025641,
    "avg_down": 1.879487179487179,
    "avg_length": 5.2337186379928315,
    "score": 36.868108695076096
}