{
    "soone_healing": 10.638297872340425,
    "soone_media": 11.11111111111111,
    "soone_workout": 0.0
}