{
    "avg_count": 0.22580645161290322,
    "top_3": [
        15,
        6,
        5
    ],
    "score": 22.58064516129032
}