{
    "avg_count": 1.1612903225806452,
    "top_3": [
        10,
        9,
        8
    ],
    "score": 58.06451612903226
}