{
    "avg_up": 2.966666666666665,
    "avg_down": 3.133333333333333,
    "avg_length": 0.24415770609318996,
    "score": 25.691637101483792
}