{
    "avg_count": 3.161290322580645,
    "top_5": [
        13,
        12,
        15,
        14,
        7
    ],
    "score": 90.32258064516128
}