{
    "avg_up": 2.442361111111111,
    "avg_down": 1.602777777777778,
    "avg_length": 3.017992831541219,
    "score": 36.56279498345565
}