{
    "avg_count": 0.8387096774193549,
    "top_5": [
        8,
        5,
        12,
        22,
        14
    ],
    "score": 48.38709677419355
}