{
    "avg_brkfst": 8.408333333333333,
    "avg_lnch": null,
    "avg_dnr": null,
    "score": 1.299765832285329
}