{
    "avg_up": 7.153846153846154,
    "avg_down": 2.4153846153846152,
    "avg_length": 3.39076164874552,
    "score": 35.395971406246616
}