{
    "avg_count": 0.9988614800759014,
    "top_3": [
        16,
        18,
        20
    ],
    "score": 18.500948766603415
}