{
    "avg_brkfst": 9.238888888888887,
    "avg_lnch": 13.538461538461538,
    "avg_dnr": 19.22592592592592,
    "score": 45.55381613982926
}