{
    "avg_count": 2.064516129032258,
    "top_3": [
        7,
        5,
        16
    ],
    "score": 12.903225806451612
}