{
    "avg_count": 3.193548387096774,
    "top_3": [
        10,
        17,
        18
    ],
    "score": 93.54838709677419
}