{
    "avg_count": 0.967741935483871,
    "top_3": [
        14,
        15,
        19
    ],
    "score": 29.03225806451613
}