{
    "avg_brkfst": 9.930459770114943,
    "avg_lnch": 13.74506172839506,
    "avg_dnr": 18.519871794871797,
    "score": 84.9725159397907
}