{
    "avg_count": 1.8387096774193548,
    "top_5": [
        12,
        11,
        16,
        7,
        6
    ],
    "score": 58.06451612903226
}