{
    "avg_count": 1.032258064516129,
    "top_3": [
        14,
        11,
        15
    ],
    "score": 16.129032258064516
}