{
    "avg_count": 0.03225806451612903,
    "top_3": [
        10,
        23,
        16
    ],
    "score": 3.225806451612903
}