{
    "avg_brkfst": 8.98452380952381,
    "avg_lnch": 12.670370370370371,
    "avg_dnr": 19.633333333333333,
    "score": 29.456629635864605
}