{
    "avg_up": 3.6744444444444446,
    "avg_down": 1.5433333333333326,
    "avg_length": 1.9499014336917562,
    "score": 34.101879360429294
}