{
    "avg_brkfst": 9.597222222222223,
    "avg_lnch": 14.897619047619047,
    "avg_dnr": 19.571212121212117,
    "score": 27.972896145742357
}