{
    "avg_up": 3.9254385964912277,
    "avg_down": 1.2236842105263157,
    "avg_length": 4.142697132616487,
    "score": 43.11316494908507
}