{
    "avg_count": 0.5806451612903226,
    "top_5": [
        19,
        12,
        16,
        18,
        17
    ],
    "score": 19.35483870967742
}