{
    "avg_up": 5.23888888888889,
    "avg_down": 1.5833333333333333,
    "avg_length": 3.2568817204301075,
    "score": 36.870482755723664
}