{
    "avg_count": 0.41935483870967744,
    "top_5": [
        16,
        20,
        18,
        19,
        17
    ],
    "score": 22.58064516129032
}