{
    "avg_count": 0.06451612903225806,
    "top_5": [
        1,
        10,
        23,
        15,
        17
    ],
    "score": 6.451612903225806
}