{
    "avg_brkfst": 9.116666666666665,
    "avg_lnch": 13.683333333333332,
    "avg_dnr": 19.11212121212121,
    "score": 28.308243874109316
}