{
    "avg_count": 1.2580645161290323,
    "top_5": [
        8,
        18,
        1,
        20,
        12
    ],
    "score": 12.903225806451612
}