{
    "avg_count": 1.1612903225806452,
    "top_3": [
        20,
        9,
        8
    ],
    "score": 70.96774193548387
}