{
    "avg_count": 0.1935483870967742,
    "top_3": [
        17,
        18,
        11
    ],
    "score": 6.451612903225806
}