{
    "avg_count": 0.41935483870967744,
    "top_3": [
        19,
        7,
        6
    ],
    "score": 29.03225806451613
}