{
    "soone_healing": 9.574468085106384,
    "soone_media": 11.11111111111111,
    "soone_workout": 34.78260869565217
}