{
    "avg_count": 0.12903225806451613,
    "top_5": [
        23,
        9,
        8,
        14,
        16
    ],
    "score": 12.903225806451612
}