{
    "avg_count": 0.41935483870967744,
    "top_3": [
        7,
        11,
        6
    ],
    "score": 32.25806451612903
}