{
    "avg_count": 1.8709677419354838,
    "top_3": [
        13,
        15,
        9
    ],
    "score": 45.16129032258064
}