{
    "avg_brkfst": 10.919230769230769,
    "avg_lnch": 12.763636363636364,
    "avg_dnr": 19.006249999999998,
    "score": 38.579881044615675
}