{
    "avg_brkfst": 9.302083333333334,
    "avg_lnch": 14.030555555555557,
    "avg_dnr": 17.272222222222222,
    "score": 13.815057149469148
}