{
    "avg_brkfst": 8.669999999999998,
    "avg_lnch": 13.633333333333335,
    "avg_dnr": 18.858333333333334,
    "score": 4.434192157414636
}