{
    "avg_count": 0.6129032258064516,
    "top_3": [
        12,
        8,
        10
    ],
    "score": 19.35483870967742
}