{
    "avg_up": 6.268749999999999,
    "avg_down": 1.1041666666666665,
    "avg_length": 3.711863799283154,
    "score": 14.00862299888918
}