{
    "avg_count": 2.774193548387097,
    "top_3": [
        11,
        8,
        7
    ],
    "score": 83.87096774193549
}