{
    "avg_brkfst": 7.455555555555555,
    "avg_lnch": 12.988888888888889,
    "avg_dnr": 18.483333333333334,
    "score": 11.116791753955097
}