{
    "avg_count": 0.3870967741935484,
    "top_3": [
        6,
        7,
        4
    ],
    "score": 19.35483870967742
}