{
    "avg_count": 1.2580645161290323,
    "top_3": [
        9,
        11,
        8
    ],
    "score": 32.25806451612903
}