{
    "avg_brkfst": 10.024242424242422,
    "avg_lnch": 13.888194444444446,
    "avg_dnr": 19.7468253968254,
    "score": 67.07150147627559
}