{
    "avg_count": 0.3225806451612903,
    "top_3": [
        7,
        14,
        18
    ],
    "score": 6.451612903225806
}