{
    "avg_count": 4.161290322580645,
    "top_3": [
        12,
        9,
        16
    ],
    "score": 58.06451612903226
}