{
    "avg_count": 1.4516129032258065,
    "top_3": [
        14,
        16,
        17
    ],
    "score": 32.25806451612903
}