{
    "avg_up": 8.13888888888889,
    "avg_down": 2.0962962962962957,
    "avg_length": 6.082177419354839,
    "score": 57.476101789031325
}