{
    "avg_brkfst": 9.96111111111111,
    "avg_lnch": 11.808333333333334,
    "avg_dnr": 19.73888888888889,
    "score": 4.093100328099495
}