{
    "avg_count": 0.12903225806451613,
    "top_3": [
        20,
        11,
        4
    ],
    "score": 9.67741935483871
}