{
    "avg_count": 0.6451612903225806,
    "top_3": [
        14,
        11,
        7
    ],
    "score": 12.903225806451612
}