{
    "avg_count": 0.41935483870967744,
    "top_3": [
        19,
        8,
        6
    ],
    "score": 19.35483870967742
}