{
    "avg_count": 0.1935483870967742,
    "top_5": [
        22,
        12,
        6,
        4,
        21
    ],
    "score": 19.35483870967742
}