{
    "avg_count": 0.0967741935483871,
    "top_3": [
        23,
        19,
        20
    ],
    "score": 6.451612903225806
}