{
    "avg_count": 0.5806451612903226,
    "top_3": [
        18,
        14,
        7
    ],
    "score": 32.25806451612903
}