{
    "avg_up": 4.297826086956522,
    "avg_down": 1.5405797101449274,
    "avg_length": 3.942177419354839,
    "score": 57.304502912852215
}