{
    "avg_up": 4.10576923076923,
    "avg_down": 1.9217948717948716,
    "avg_length": 4.986281362007169,
    "score": 63.80331507508159
}