{
    "avg_count": 0.4838709677419355,
    "top_3": [
        7,
        9,
        20
    ],
    "score": 32.25806451612903
}