{
    "avg_count": 0.5161290322580645,
    "top_3": [
        7,
        6,
        8
    ],
    "score": 38.70967741935484
}