{
    "avg_count": 0.22580645161290322,
    "top_3": [
        10,
        9,
        21
    ],
    "score": 12.903225806451612
}