{
    "avg_count": 0.3548387096774194,
    "top_3": [
        14,
        19,
        9
    ],
    "score": 12.903225806451612
}