{
    "avg_count": 1.4516129032258065,
    "top_3": [
        21,
        23,
        6
    ],
    "score": 12.903225806451612
}