{
    "soone_healing": 18.085106382978722,
    "soone_media": 66.66666666666667,
    "soone_workout": 10.869565217391305
}