{
    "avg_up": 4.604666666666667,
    "avg_down": 2.3933333333333326,
    "avg_length": 4.0955824372759855,
    "score": 61.77779968922233
}