{
    "avg_brkfst": null,
    "avg_lnch": null,
    "avg_dnr": 16.033333333333335,
    "score": 0.8956635151775261
}