{
    "avg_up": 7.4526315789473685,
    "avg_down": 2.3429824561403514,
    "avg_length": 5.418064516129032,
    "score": 58.81916094003169
}