{
    "avg_brkfst": 9.021428571428572,
    "avg_lnch": 12.25,
    "avg_dnr": 19.368518518518517,
    "score": 16.4720803137554
}