{
    "avg_brkfst": 9.944444444444446,
    "avg_lnch": 12.881111111111112,
    "avg_dnr": 19.053333333333338,
    "score": 42.52169657897452
}