{
    "avg_count": 1.096774193548387,
    "top_5": [
        14,
        23,
        9,
        10,
        13
    ],
    "score": 32.25806451612903
}