{
    "avg_count": 1.5806451612903225,
    "top_3": [
        11,
        17,
        14
    ],
    "score": 32.25806451612903
}