{
    "avg_count": 4.32258064516129,
    "top_5": [
        21,
        11,
        12,
        5,
        19
    ],
    "score": 87.09677419354838
}