{
    "avg_up": 0.23333333333333428,
    "avg_down": 1.6499999999999986,
    "avg_length": 0.04610215053763441,
    "score": 34.0781630015703
}