{
    "avg_count": 1.1290322580645162,
    "top_3": [
        8,
        20,
        6
    ],
    "score": 25.806451612903224
}