{
    "avg_up": 4.363636363636363,
    "avg_down": 2.074242424242424,
    "avg_length": 1.6181810035842292,
    "score": 29.254993966405046
}