{
    "avg_brkfst": 7.363333333333332,
    "avg_lnch": 13.011904761904763,
    "avg_dnr": 19.195238095238096,
    "score": 21.2930767370324
}