{
    "avg_count": 0.6451612903225806,
    "top_3": [
        19,
        11,
        17
    ],
    "score": 6.451612903225806
}