{
    "avg_count": 2.806451612903226,
    "top_3": [
        19,
        20,
        7
    ],
    "score": 96.7741935483871
}