{
    "avg_count": 0.9354838709677419,
    "top_3": [
        10,
        8,
        7
    ],
    "score": 77.41935483870968
}