{
    "avg_brkfst": 8.9375,
    "avg_lnch": 14.054761904761904,
    "avg_dnr": null,
    "score": 9.698010364775506
}