{
    "avg_count": 2.064516129032258,
    "top_3": [
        17,
        18,
        13
    ],
    "score": 83.87096774193549
}