{
    "avg_brkfst": 8.87758620689655,
    "avg_lnch": 13.504347826086954,
    "avg_dnr": 19.30652173913044,
    "score": 75.87524554023227
}