{
    "avg_up": 4.895833333333334,
    "avg_down": 2.0833333333333335,
    "avg_length": 0.7819175627240144,
    "score": 21.92248794728696
}