{
    "avg_up": 6.134848484848484,
    "avg_down": 1.7507575757575757,
    "avg_length": 6.375931899641578,
    "score": 58.20484416694042
}