{
    "avg_count": 8.741935483870968,
    "top_3": [
        14,
        15,
        8
    ],
    "score": 93.54838709677419
}