{
    "avg_brkfst": 7.5696969696969685,
    "avg_lnch": 13.82121212121212,
    "avg_dnr": 19.541666666666668,
    "score": 20.463972596231272
}