{
    "avg_count": 0.4838709677419355,
    "top_3": [
        16,
        18,
        20
    ],
    "score": 22.58064516129032
}