{
    "avg_up": 7.627999999999998,
    "avg_down": 1.336666666666666,
    "avg_length": 7.925492831541219,
    "score": 66.92702622493944
}