{
    "avg_count": 0.9032258064516129,
    "top_5": [
        7,
        12,
        18,
        15,
        13
    ],
    "score": 61.29032258064516
}