{
    "avg_brkfst": 8.091666666666667,
    "avg_lnch": 13.916666666666666,
    "avg_dnr": 18.4125,
    "score": 11.111757101670259
}