{
    "avg_brkfst": 11.983333333333333,
    "avg_lnch": 11.983333333333333,
    "avg_dnr": null,
    "score": 1.791327030355052
}