{
    "avg_brkfst": null,
    "avg_lnch": 15.091666666666667,
    "avg_dnr": 19.4,
    "score": 2.0871256451445985
}