{
    "soone_healing": 10.638297872340425,
    "soone_media": 0.0,
    "soone_workout": 4.3478260869565215
}