{
    "avg_brkfst": 9.116666666666667,
    "avg_lnch": 13.66851851851852,
    "avg_dnr": 19.206060606060607,
    "score": 30.337960161014035
}