{
    "avg_up": 5.863492063492064,
    "avg_down": 2.7690476190476185,
    "avg_length": 4.172150537634409,
    "score": 45.37373106396707
}