{
    "avg_up": 4.659420289855072,
    "avg_down": 2.205797101449275,
    "avg_length": 2.5590412186379927,
    "score": 45.39431051747351
}