{
    "avg_up": 6.453787878787879,
    "avg_down": 2.1924242424242433,
    "avg_length": 5.080098566308244,
    "score": 51.9894533344062
}