{
    "avg_up": 8.240625,
    "avg_down": 1.5052083333333337,
    "avg_length": 4.63399641577061,
    "score": 33.93322212436518
}