{
    "avg_brkfst": 8.747435897435897,
    "avg_lnch": 13.991666666666667,
    "avg_dnr": 19.51025641025641,
    "score": 34.56128464526517
}