{
    "soone_healing": 21.27659574468085,
    "soone_media": 44.44444444444444,
    "soone_workout": 0.0
}