{
    "avg_brkfst": 11.588888888888889,
    "avg_lnch": 15.544444444444444,
    "avg_dnr": 20.358333333333334,
    "score": 5.958698179925197
}