{
    "avg_count": 0.5483870967741935,
    "top_3": [
        13,
        16,
        15
    ],
    "score": 12.903225806451612
}